Suite/Test/Step Name,Browser,Description,Tag,Start time,End time,Duration,Status
Cura_TestSuite_Login_004,Chrome 120.0.0.0,,,2024-01-31 16:36:44,2024-01-31 16:36:51,7.217s,FAILED
,,,,,,,
Test Cases/TC_Cura_LoginPage_004/TC_Cura_LoginPage_004_01,Chrome 120.0.0.0,,,2024-01-31 16:36:44,2024-01-31 16:36:51,7.064s,FAILED
"openBrowser("""")",Chrome 120.0.0.0,,,2024-01-31 16:36:44,2024-01-31 16:36:46,1.256s,PASSED
"navigateToUrl(""https://katalon-demo-cura.herokuapp.com/"")",Chrome 120.0.0.0,,,2024-01-31 16:36:46,2024-01-31 16:36:49,3.848s,PASSED
"click(findTestObject(""Object Repository/CuraPages_LoginPage_OR/Page_CURA Healthcare Service/a_Make Appointment""))",Chrome 120.0.0.0,,,2024-01-31 16:36:49,2024-01-31 16:36:50,0.795s,PASSED
"setText(findTestObject(""Object Repository/CuraPages_LoginPage_OR/Page_CURA Healthcare Service/input_username""), username)",Chrome 120.0.0.0,,,2024-01-31 16:36:50,2024-01-31 16:36:51,0.723s,PASSED
"setEncryptedText(findTestObject(""Object Repository/CuraPages_LoginPage_OR/Page_CURA Healthcare Service/input_password""), password)",Chrome 120.0.0.0,,,2024-01-31 16:36:51,2024-01-31 16:36:51,0.220s,FAILED
