Suite/Test/Step Name,Browser,Description,Tag,Start time,End time,Duration,Status
Cura_TestSuite_Login_004,Chrome 120.0.0.0,,,2024-01-31 16:35:23,2024-01-31 16:35:33,9.692s,FAILED
,,,,,,,
Test Cases/TC_Cura_LoginPage_004/TC_Cura_LoginPage_004_01,Chrome 120.0.0.0,,,2024-01-31 16:35:23,2024-01-31 16:35:33,9.481s,FAILED
"openBrowser("""")",Chrome 120.0.0.0,,,2024-01-31 16:35:24,2024-01-31 16:35:26,2.043s,PASSED
"navigateToUrl(""https://katalon-demo-cura.herokuapp.com/"")",Chrome 120.0.0.0,,,2024-01-31 16:35:26,2024-01-31 16:35:31,5.384s,PASSED
"click(findTestObject(""Object Repository/CuraPages_LoginPage_OR/Page_CURA Healthcare Service/a_Make Appointment""))",Chrome 120.0.0.0,,,2024-01-31 16:35:31,2024-01-31 16:35:32,0.882s,PASSED
"setText(findTestObject(""Object Repository/CuraPages_LoginPage_OR/Page_CURA Healthcare Service/input_username""), username)",Chrome 120.0.0.0,,,2024-01-31 16:35:32,2024-01-31 16:35:33,0.600s,PASSED
"setEncryptedText(findTestObject(""Object Repository/CuraPages_LoginPage_OR/Page_CURA Healthcare Service/input_password""), password)",Chrome 120.0.0.0,,,2024-01-31 16:35:33,2024-01-31 16:35:33,0.213s,FAILED
