Suite/Test/Step Name,Browser,Description,Tag,Start time,End time,Duration,Status
Cura_TestSuite_Login_004,,,,2024-01-31 17:55:11,2024-01-31 17:55:12,0.844s,FAILED
,,,,,,,
Test Cases/TC_Cura_LoginPage_004/TC_Cura_LoginPage_004_01,,,,2024-01-31 17:55:11,2024-01-31 17:55:12,0.601s,FAILED
Start listener action : sampleBeforeTestCase,,,,2024-01-31 17:55:11,2024-01-31 17:55:12,0.380s,ERROR
"setText(findTestObject(""Object Repository/CuraPages_LoginPage_OR/Page_CURA Healthcare Service/input_username""), username)",,,,2024-01-31 17:55:12,2024-01-31 17:55:12,0.047s,FAILED
Start listener action : sampleAfterTestCase,,,,2024-01-31 17:55:12,2024-01-31 17:55:12,0.044s,ERROR
